{"-0.0": 0, "0.22276394711152253": 5, "0.4575749056067512": 10, "0.7058107428570727": 15, "0.969100130080564": 20, "1.2493873660829993": 25, "1.5490195998574319": 30}