{
    "0": 7.37198388e-06,
    "1": 7.44648969e-06,
    "2": 7.55437986e-06,
    "3": 7.56089457e-06,
    "4": 7.22948653e-06,
    "5": 7.43305372e-06,
    "6": 7.38989775e-06,
    "7": 7.4025188e-06,
    "8": 7.46888236e-06,
    "9": 7.42694738e-06,
    "10": 7.34796276e-06,
    "11": 7.20994421e-06,
    "12": 7.54542316e-06,
    "13": 7.21401557e-06,
    "14": 7.38949075e-06,
    "15": 7.37035543e-06,
    "16": 7.4644031e-06,
    "17": 7.45666784e-06,
    "18": 7.41188342e-06,
    "19": 7.41432632e-06,
    "20": 7.38338349e-06,
    "21": 7.35407002e-06,
    "22": 7.20709477e-06,
    "23": 7.45381794e-06,
    "24": 7.32679155e-06,
    "25": 7.328013e-06,
    "26": 6.9876487e-06,
    "27": 6.7747178e-06,
    "28": 6.69532619e-06,
    "29": 6.76250329e-06,
    "30": 6.65502012e-06,
    "31": 6.86876547e-06,
    "32": 6.71242651e-06,
    "33": 6.7751248e-06,
    "34": 6.7767528e-06,
    "35": 6.70428335e-06,
    "36": 6.82601603e-06,
    "37": 6.82316659e-06,
    "38": 6.88423643e-06,
    "39": 6.85207306e-06,
    "40": 6.73318982e-06,
    "41": 6.94897153e-06,
    "42": 6.79141021e-06,
    "43": 6.73888917e-06,
    "44": 6.95222798e-06,
    "45": 6.66967708e-06,
    "46": 6.63140599e-06,
    "47": 6.71161206e-06,
    "48": 6.85248006e-06,
    "49": 6.63914216e-06,
    "50": 6.92902177e-06,
    "51": 6.97787709e-06,
    "52": 6.87731563e-06,
    "53": 6.91192145e-06,
    "54": 6.75395358e-06,
    "55": 6.87772217e-06,
    "56": 6.93024322e-06,
    "57": 6.87242982e-06,
    "58": 6.92413596e-06,
    "59": 6.81909523e-06,
    "60": 6.72830402e-06,
    "61": 6.90825755e-06,
    "62": 6.8414879e-06,
    "63": 6.74336843e-06,
    "64": 6.71283306e-06,
    "65": 6.96525603e-06,
    "66": 6.96281404e-06,
    "67": 6.90500065e-06,
    "68": 6.86917247e-06,
    "69": 6.91273635e-06,
    "70": 6.71039061e-06,
    "71": 6.78408151e-06,
    "72": 6.79873892e-06,
    "73": 6.92291451e-06,
    "74": 6.78367451e-06,
    "75": 6.81054507e-06,
    "76": 6.89156514e-06,
    "77": 6.77349635e-06,
    "78": 6.72748956e-06,
    "79": 6.87772217e-06,
    "80": 6.81665233e-06,
    "81": 6.94856362e-06,
    "82": 6.86428757e-06,
    "83": 6.94856362e-06,
    "84": 6.84678071e-06,
    "85": 7.00393412e-06,
    "86": 6.70143345e-06,
    "87": 6.839859e-06,
    "88": 6.90825755e-06,
    "89": 6.74906778e-06,
    "90": 6.86306612e-06,
    "91": 6.81583788e-06,
    "92": 6.79425966e-06,
    "93": 6.89930039e-06,
    "94": 6.89156514e-06,
    "95": 6.76657464e-06,
    "96": 6.86632256e-06,
    "97": 6.91355081e-06,
    "98": 6.78448941e-06,
    "99": 6.91477226e-06,
    "100": 6.71364705e-06,
    "101": 6.62570619e-06,
    "102": 6.83334474e-06,
    "103": 6.72708256e-06,
    "104": 6.72545457e-06,
    "105": 6.84555926e-06,
    "106": 6.81909523e-06,
    "107": 6.71649741e-06,
    "108": 6.89115814e-06,
    "109": 6.62326374e-06,
    "110": 6.67741278e-06,
    "111": 6.75273213e-06,
    "112": 6.79955247e-06,
    "113": 6.77634625e-06,
    "114": 6.73888917e-06,
    "115": 6.72016176e-06,
    "116": 6.76413174e-06,
    "117": 6.80769563e-06,
    "118": 6.65786956e-06,
    "119": 6.83293774e-06,
    "120": 6.88749378e-06,
    "121": 6.62000593e-06,
    "122": 6.98927715e-06,
    "123": 6.87324427e-06,
    "124": 6.94042137e-06,
    "125": 6.81624579e-06,
    "126": 6.86184467e-06,
    "127": 6.78774586e-06,
    "128": 6.7791957e-06,
    "129": 6.87487272e-06,
    "130": 6.84555926e-06,
    "131": 6.84026645e-06,
    "132": 6.67578433e-06,
    "133": 6.79955247e-06,
    "134": 6.65990547e-06,
    "135": 6.91517926e-06,
    "136": 6.76168884e-06,
    "137": 6.63181345e-06,
    "138": 6.79710956e-06,
    "139": 6.71039061e-06,
    "140": 6.66845563e-06,
    "141": 6.86876547e-06,
    "142": 6.9066291e-06,
    "143": 6.91640071e-06,
    "144": 6.91721425e-06,
    "145": 6.94489927e-06,
    "146": 7.02388388e-06,
    "147": 7.03324758e-06,
    "148": 6.93757192e-06,
    "149": 6.87202282e-06,
    "150": 6.93635047e-06,
    "151": 6.83171675e-06,
    "152": 6.99131306e-06,
    "153": 6.87446573e-06,
    "154": 7.12078145e-06,
    "155": 7.10612539e-06,
    "156": 6.94652863e-06,
    "157": 6.85166651e-06,
    "158": 6.89685749e-06,
    "159": 7.00963437e-06,
    "160": 6.97095629e-06,
    "161": 6.82520249e-06,
    "162": 6.68881239e-06,
    "163": 6.59272837e-06,
    "164": 6.51007986e-06,
    "165": 6.6334419e-06,
    "166": 6.69003384e-06,
    "167": 6.58784302e-06,
    "168": 6.61634249e-06,
    "169": 6.69003384e-06,
    "170": 6.630592e-06,
    "171": 6.6330349e-06,
    "172": 6.76413174e-06,
    "173": 6.67904078e-06,
    "174": 6.86550902e-06,
    "175": 6.82968039e-06,
    "176": 6.87690863e-06,
    "177": 6.71079715e-06,
    "178": 6.81502434e-06,
    "179": 6.61471358e-06,
    "180": 6.76616764e-06,
    "181": 6.61634249e-06,
    "182": 6.82072368e-06,
    "183": 6.60697788e-06,
    "184": 6.79548111e-06,
    "185": 6.63262745e-06,
    "186": 6.65135576e-06,
    "187": 6.8366021e-06,
    "188": 6.63629135e-06,
    "189": 6.73115392e-06,
    "190": 6.72341821e-06,
    "191": 6.82194514e-06,
    "192": 6.75028923e-06,
    "193": 6.74092553e-06,
    "194": 6.84393081e-06,
    "195": 7.00026976e-06,
    "196": 6.98642725e-06,
    "197": 6.74784724e-06,
    "198": 7.00311966e-06,
    "199": 6.81013853e-06,
    "200": 6.89034368e-06,
    "201": 6.79059531e-06,
    "202": 6.82642394e-06,
    "203": 6.76087529e-06,
    "204": 6.89441458e-06,
    "205": 6.88871523e-06,
    "206": 6.72179021e-06,
    "207": 6.63262745e-06,
    "208": 6.69288329e-06,
    "209": 6.71894031e-06,
    "210": 6.87242982e-06,
    "211": 6.80240282e-06,
    "212": 6.76535319e-06,
    "213": 6.7787887e-06,
    "214": 6.89807894e-06,
    "215": 6.9111079e-06,
    "216": 6.64687741e-06,
    "217": 6.60819933e-06,
    "218": 6.85085161e-06,
    "219": 6.7673891e-06,
    "220": 6.76291029e-06,
    "221": 6.7743099e-06,
    "222": 6.73563272e-06,
    "223": 6.8370091e-06,
    "224": 6.80403127e-06,
    "225": 6.71608996e-06,
    "226": 6.71405451e-06,
    "227": 6.93879338e-06,
    "228": 6.83171675e-06,
    "229": 7.01044837e-06,
    "230": 6.9070361e-06,
    "231": 6.93390757e-06,
    "232": 6.8997083e-06,
    "233": 6.86225167e-06,
    "234": 6.96688539e-06,
    "235": 6.94937853e-06,
    "236": 6.95548533e-06,
    "237": 6.99253451e-06,
    "238": 7.1150821e-06,
    "239": 6.96199959e-06,
    "240": 6.74906778e-06,
    "241": 6.82723748e-06,
    "242": 6.82520249e-06,
    "243": 6.97136329e-06,
    "244": 6.91232935e-06,
    "245": 6.91599371e-06,
    "246": 6.85410942e-06,
    "247": 6.97014184e-06,
    "248": 6.85655095e-06,
    "249": 6.66072037e-06,
    "250": 6.67008408e-06,
    "251": 6.80443827e-06,
    "252": 6.55608665e-06,
    "253": 6.73400473e-06,
    "254": 6.53532197e-06,
    "255": 6.56911425e-06,
    "256": 6.5634149e-06,
    "257": 6.68881239e-06,
    "258": 6.63425635e-06,
    "259": 6.68514804e-06,
    "260": 6.67496988e-06,
    "261": 6.6383277e-06,
    "262": 6.75232513e-06,
    "263": 6.73400473e-06,
    "264": 6.73034037e-06,
    "265": 6.7095757e-06,
    "266": 6.75273213e-06,
    "267": 6.65094876e-06,
    "268": 6.97054975e-06,
    "269": 6.83090184e-06,
    "270": 6.97054975e-06,
    "271": 6.93879338e-06,
    "272": 6.84474435e-06,
    "273": 6.84393081e-06,
    "274": 6.93390757e-06,
    "275": 6.90825755e-06,
    "276": 6.86591557e-06,
    "277": 6.82683094e-06,
    "278": 6.83171675e-06,
    "279": 6.79588902e-06,
    "280": 6.79710956e-06,
    "281": 6.79833101e-06,
    "282": 6.83334474e-06,
    "283": 6.80728863e-06,
    "284": 6.94082837e-06,
    "285": 6.96484904e-06,
    "286": 6.87120837e-06,
    "287": 6.86632256e-06,
    "288": 6.72219676e-06,
    "289": 6.68474104e-06,
    "290": 6.71649741e-06,
    "291": 6.84270935e-06,
    "292": 6.88179352e-06,
    "293": 6.67293352e-06,
    "294": 6.66072037e-06,
    "295": 6.8414879e-06,
    "296": 6.71853286e-06,
    "297": 6.67822633e-06,
    "298": 6.80647418e-06,
    "299": 6.75151068e-06,
    "300": 6.77716071e-06,