{"-0.0013668877712378655": 0, "-0.4515120354273532": 5, "-1.0292241958998807": 10, "-1.5616654639551877": 15, "-2.1279907721752336": 20, "-2.7333367941071014": 25, "-3.222984895745411": 30, "-3.7678473234433367": 35, "-4.345372956570738": 40, "-4.96690785801754": 45, "-5.5360966421574425": 50, "-6.130253702801943": 55, "-6.729516317400426": 60, "-7.335083702385612": 65, "-7.9028246889902265": 70, "-8.487684012756613": 75, "-9.09023633080789": 80, "-9.684752413572323": 85, "-10.281527112676905": 90, "-10.905171258765717": 95, "-11.484720543375477": 100, "-12.03309757170469": 105, "-12.576867553214202": 110, "-13.230704154766377": 115, "-13.868266919024004": 120, "-14.474757259968973": 125, "-15.100788379914544": 130, "-15.775081083643176": 135, "-16.425041415779486": 140, "-17.034704260277596": 145, "-17.683761728727173": 150, "-18.336103504591986": 155, "-18.986235677732427": 160, "-19.628483204561093": 165, "-20.38706984228849": 170, "-21.08728001294134": 175, "-21.770892381569645": 180, "-22.478991684234032": 185, "-23.20852803808154": 190, "-23.912385905624404": 195, "-24.57947692359759": 200, "-25.238058266345107": 205, "-25.83421294054864": 210, "-26.448440903073312": 215, "-27.069920223265356": 220, "-27.73900494845749": 225, "-28.422948705937003": 230, "-29.164409019891828": 235, "-29.89562005885523": 240, "-30.71797757987354": 245, "-31.645095294123706": 250, "-32.51060160538136": 255, "-32.97781643287462": 260, "-33.39472306467049": 265, "-33.84377080466352": 270, "-34.228909560635614": 275, "-34.655518173109115": 280, "-35.14575546829577": 285, "-35.537037670075314": 290, "-35.85312770576528": 295, "-35.85489609392824": 300, "-35.85725339808453": 305, "-35.86372896576983": 340, "-35.86019822537634": 315, "-35.86314107607595": 345, "-35.85902097577064": 325, "-35.85017851366051": 330, "-35.85784251953256": 335, "-35.85194808395051": 350, "-35.859609857511394": 355}